solo_time,time,duration_time,task-clock,context-switches,cpu-cycles,instructions,page-faults,branch-misses,L1-dcache-load-misses,LLC-load-misses,L1-icache-load-misses,dTLB-load-misses,iTLB-load-misses,benchmark,socket,core_list
0.782,0.050131614,50131614.0,2252.36,515.0,209109991.0,235011598.0,354.0,786951.0,828712.0,16633.0,654157.0,72162.0,39383.0,CoHMM,0,"0,2,4,6,8,10,12,14,16,18"
0.782,0.108964033,58832419.0,2376.3,608.0,213597668.0,276619605.0,15.0,844367.0,856621.0,15339.0,629464.0,73398.0,43396.0,CoHMM,0,"0,2,4,6,8,10,12,14,16,18"
0.782,0.168872724,59908691.0,2346.73,573.0,183584064.0,282296068.0,79.0,951481.0,975528.0,21575.0,705977.0,90668.0,58023.0,CoHMM,0,"0,2,4,6,8,10,12,14,16,18"
