time,duration_time,task-clock,context-switches,cpu-cycles,instructions,page-faults,branch-misses,L1-dcache-load-misses,LLC-load-misses,L1-icache-load-misses,dTLB-load-misses,iTLB-load-misses,benchmark,socket,core_list
0.050139199,50139199.0,2377.18,397.0,133872721.0,120540842.0,2298.0,1205214.0,2124188.0,41895.0,1291642.0,124564.0,56300.0,CoMD,0,"0,2,4,6,8,10,12,14,16,18"
0.11076479,60625591.0,2405.68,278.0,154481906.0,170218364.0,1609.0,1630411.0,3233638.0,57738.0,2145530.0,204776.0,180765.0,CoMD,0,"0,2,4,6,8,10,12,14,16,18"
0.171557546,60792756.0,2397.31,356.0,160841806.0,184989835.0,1274.0,1332143.0,3293629.0,39871.0,1725935.0,155665.0,77731.0,CoMD,0,"0,2,4,6,8,10,12,14,16,18"
0.230578915,59021369.0,2395.77,233.0,148833477.0,169282969.0,1160.0,1388266.0,3383654.0,41672.0,1621575.0,145895.0,64022.0,CoMD,0,"0,2,4,6,8,10,12,14,16,18"
0.262758865,32179950.0,1048.16,286.0,83153938.0,77366556.0,902.0,498393.0,2393485.0,94244.0,418566.0,163162.0,22004.0,CoMD,0,"0,2,4,6,8,10,12,14,16,18"
