time,duration_time,task-clock,context-switches,cpu-cycles,instructions,page-faults,branch-misses,L1-dcache-load-misses,LLC-load-misses,L1-icache-load-misses,dTLB-load-misses,iTLB-load-misses,benchmark,socket,core_list
0.050121024,50121024.0,2238.64,512.0,131746181.0,140133787.0,2446.0,1364659.0,2660138.0,39423.0,1513521.0,145780.0,67890.0,minTally,0,"0,2,4,6,8,10,12,14,16,18"
0.10700286,56881836.0,2456.65,238.0,154290740.0,222697891.0,1608.0,1793684.0,3799403.0,34708.0,1617882.0,148116.0,70255.0,minTally,0,"0,2,4,6,8,10,12,14,16,18"
0.168900062,61897202.0,2409.47,257.0,152091077.0,212791923.0,1698.0,1785853.0,4371351.0,28666.0,1661675.0,137812.0,61334.0,minTally,0,"0,2,4,6,8,10,12,14,16,18"
0.228950739,60050677.0,2401.41,208.0,175069762.0,107103356.0,608.0,876973.0,3189539.0,118523.0,1678815.0,210108.0,71509.0,minTally,0,"0,2,4,6,8,10,12,14,16,18"
